{
    "$schema": "https://schema.management.azure.com/schemas/2015-01-01/deploymentParameters.json#",
    "contentVersion": "1.0.0.0",
    "parameters": {
        "factoryName": {
            "value": "adfcarsaless"
        },
        "LinkedService_SQL_DB_password": {
            "value": ""
        },
        "LinkedService_ADLS_accountKey": {
            "value": ""
        },
        "LinkedService_Databricks_accessToken": {
            "value": ""
        },
        "LinkedService_SQL_DB_properties_typeProperties_server": {
            "value": "server-carsaless.database.windows.net"
        },
        "LinkedService_SQL_DB_properties_typeProperties_database": {
            "value": "db-carsales"
        },
        "LinkedService_SQL_DB_properties_typeProperties_userName": {
            "value": "db-server-carsales-admin"
        },
        "LinkedService_Github_properties_typeProperties_url": {
            "value": "https://raw.githubusercontent.com/"
        },
        "LinkedService_ADLS_properties_typeProperties_url": {
            "value": "https://adlscarsaless.dfs.core.windows.net/"
        },
        "LinkedService_Databricks_properties_typeProperties_existingClusterId": {
            "value": "0208-160847-me4usptt"
        }
    }
}