{
    "$schema": "http://schema.management.azure.com/schemas/2015-01-01/deploymentTemplate.json#",
    "contentVersion": "1.0.0.0",
    "parameters": {
        "factoryName": {
            "type": "string",
            "metadata": "Data Factory name",
            "defaultValue": "adfcarsaless"
        },
        "LinkedService_SQL_DB_password": {
            "type": "secureString",
            "metadata": "Secure string for 'password' of 'LinkedService_SQL_DB'"
        },
        "LinkedService_ADLS_accountKey": {
            "type": "secureString",
            "metadata": "Secure string for 'accountKey' of 'LinkedService_ADLS'"
        },
        "LinkedService_Databricks_accessToken": {
            "type": "secureString",
            "metadata": "Secure string for 'accessToken' of 'LinkedService_Databricks'"
        },
        "LinkedService_SQL_DB_properties_typeProperties_server": {
            "type": "string",
            "defaultValue": "server-carsaless.database.windows.net"
        },
        "LinkedService_SQL_DB_properties_typeProperties_database": {
            "type": "string",
            "defaultValue": "db-carsales"
        },
        "LinkedService_SQL_DB_properties_typeProperties_userName": {
            "type": "string",
            "defaultValue": "db-server-carsales-admin"
        },
        "LinkedService_Github_properties_typeProperties_url": {
            "type": "string",
            "defaultValue": "https://raw.githubusercontent.com/"
        },
        "LinkedService_ADLS_properties_typeProperties_url": {
            "type": "string",
            "defaultValue": "https://adlscarsaless.dfs.core.windows.net/"
        },
        "LinkedService_Databricks_properties_typeProperties_existingClusterId": {
            "type": "string",
            "defaultValue": "0208-160847-me4usptt"
        }
    },
    "variables": {
        "factoryId": "[concat('Microsoft.DataFactory/factories/', parameters('factoryName'))]"
    },
    "resources": [
        {
            "name": "[concat(parameters('factoryName'), '/source_pipeline')]",
            "type": "Microsoft.DataFactory/factories/pipelines",
            "apiVersion": "2018-06-01",
            "properties": {
                "activities": [
                    {
                        "name": "Copy data",
                        "type": "Copy",
                        "dependsOn": [],
                        "policy": {
                            "timeout": "0.12:00:00",
                            "retry": 0,
                            "retryIntervalInSeconds": 30,
                            "secureOutput": false,
                            "secureInput": false
                        },
                        "userProperties": [],
                        "typeProperties": {
                            "source": {
                                "type": "DelimitedTextSource",
                                "storeSettings": {
                                    "type": "HttpReadSettings",
                                    "requestMethod": "GET"
                                },
                                "formatSettings": {
                                    "type": "DelimitedTextReadSettings"
                                }
                            },
                            "sink": {
                                "type": "AzureSqlSink",
                                "writeBehavior": "insert",
                                "sqlWriterUseTableLock": false
                            },
                            "enableStaging": false,
                            "translator": {
                                "type": "TabularTranslator",
                                "mappings": [
                                    {
                                        "source": {
                                            "name": "Branch_ID",
                                            "type": "String",
                                            "physicalType": "String"
                                        },
                                        "sink": {
                                            "name": "Branch_ID",
                                            "type": "String",
                                            "physicalType": "varchar"
                                        }
                                    },
                                    {
                                        "source": {
                                            "name": "Dealer_ID",
                                            "type": "String",
                                            "physicalType": "String"
                                        },
                                        "sink": {
                                            "name": "Dealer_ID",
                                            "type": "String",
                                            "physicalType": "varchar"
                                        }
                                    },
                                    {
                                        "source": {
                                            "name": "Model_ID",
                                            "type": "String",
                                            "physicalType": "String"
                                        },
                                        "sink": {
                                            "name": "Model_ID",
                                            "type": "String",
                                            "physicalType": "varchar"
                                        }
                                    },
                                    {
                                        "source": {
                                            "name": "Revenue",
                                            "type": "String",
                                            "physicalType": "String"
                                        },
                                        "sink": {
                                            "name": "Revenue",
                                            "type": "Int64",
                                            "physicalType": "bigint"
                                        }
                                    },
                                    {
                                        "source": {
                                            "name": "Units_Sold",
                                            "type": "String",
                                            "physicalType": "String"
                                        },
                                        "sink": {
                                            "name": "Units_Sold",
                                            "type": "Int64",
                                            "physicalType": "bigint"
                                        }
                                    },
                                    {
                                        "source": {
                                            "name": "Date_ID",
                                            "type": "String",
                                            "physicalType": "String"
                                        },
                                        "sink": {
                                            "name": "Date_ID",
                                            "type": "String",
                                            "physicalType": "varchar"
                                        }
                                    },
                                    {
                                        "source": {
                                            "name": "Day",
                                            "type": "String",
                                            "physicalType": "String"
                                        },
                                        "sink": {
                                            "name": "Day",
                                            "type": "Int32",
                                            "physicalType": "int"
                                        }
                                    },
                                    {
                                        "source": {
                                            "name": "Month",
                                            "type": "String",
                                            "physicalType": "String"
                                        },
                                        "sink": {
                                            "name": "Month",
                                            "type": "Int32",
                                            "physicalType": "int"
                                        }
                                    },
                                    {
                                        "source": {
                                            "name": "Year",
                                            "type": "String",
                                            "physicalType": "String"
                                        },
                                        "sink": {
                                            "name": "Year",
                                            "type": "Int32",
                                            "physicalType": "int"
                                        }
                                    },
                                    {
                                        "source": {
                                            "name": "BranchName",
                                            "type": "String",
                                            "physicalType": "String"
                                        },
                                        "sink": {
                                            "name": "BranchName",
                                            "type": "String",
                                            "physicalType": "varchar"
                                        }
                                    },
                                    {
                                        "source": {
                                            "name": "DealerName",
                                            "type": "String",
                                            "physicalType": "String"
                                        },
                                        "sink": {
                                            "name": "DealerName",
                                            "type": "String",
                                            "physicalType": "varchar"
                                        }
                                    },
                                    {
                                        "source": {
                                            "name": "Product_Name",
                                            "type": "String",
                                            "physicalType": "String"
                                        },
                                        "sink": {
                                            "name": "Product_Name",
                                            "type": "String",
                                            "physicalType": "varchar"
                                        }
                                    }
                                ],
                                "typeConversion": true,
                                "typeConversionSettings": {
                                    "allowDataTruncation": true,
                                    "treatBooleanAsNumber": false
                                }
                            }
                        },
                        "inputs": [
                            {
                                "referenceName": "source_dataset_Git",
                                "type": "DatasetReference",
                                "parameters": {
                                    "parameter_load_data_flag": "SalesData.csv"
                                }
                            }
                        ],
                        "outputs": [
                            {
                                "referenceName": "sink_dataset_SQL_DB",
                                "type": "DatasetReference",
                                "parameters": {
                                    "parameter_tablename": "SalesData.csv"
                                }
                            }
                        ]
                    }
                ],
                "policy": {
                    "elapsedTimeMetric": {}
                },
                "annotations": [],
                "lastPublishTime": "2025-02-26T17:30:13Z"
            },
            "dependsOn": [
                "[concat(variables('factoryId'), '/datasets/source_dataset_Git')]",
                "[concat(variables('factoryId'), '/datasets/sink_dataset_SQL_DB')]"
            ]
        },
        {
            "name": "[concat(parameters('factoryName'), '/Incremental_data_pipeline')]",
            "type": "Microsoft.DataFactory/factories/pipelines",
            "apiVersion": "2018-06-01",
            "properties": {
                "activities": [
                    {
                        "name": "Last_data_load",
                        "type": "Lookup",
                        "dependsOn": [],
                        "policy": {
                            "timeout": "0.12:00:00",
                            "retry": 0,
                            "retryIntervalInSeconds": 30,
                            "secureOutput": false,
                            "secureInput": false
                        },
                        "userProperties": [],
                        "typeProperties": {
                            "source": {
                                "type": "AzureSqlSource",
                                "sqlReaderQuery": "select * from watermark_table",
                                "queryTimeout": "02:00:00",
                                "partitionOption": "None"
                            },
                            "dataset": {
                                "referenceName": "sink_dataset_SQL_DB",
                                "type": "DatasetReference",
                                "parameters": {
                                    "parameter_tablename": "watermark_table"
                                }
                            },
                            "firstRowOnly": false
                        }
                    },
                    {
                        "name": "Current_data_load",
                        "type": "Lookup",
                        "dependsOn": [],
                        "policy": {
                            "timeout": "0.12:00:00",
                            "retry": 0,
                            "retryIntervalInSeconds": 30,
                            "secureOutput": false,
                            "secureInput": false
                        },
                        "userProperties": [],
                        "typeProperties": {
                            "source": {
                                "type": "AzureSqlSource",
                                "sqlReaderQuery": "select MAX(Date_ID) as max_date_of_current_data_load\nfrom source_cars_data",
                                "queryTimeout": "02:00:00",
                                "partitionOption": "None"
                            },
                            "dataset": {
                                "referenceName": "sink_dataset_SQL_DB",
                                "type": "DatasetReference",
                                "parameters": {
                                    "parameter_tablename": "source_cars_data"
                                }
                            },
                            "firstRowOnly": false
                        }
                    },
                    {
                        "name": "Copy_Incremental_Data",
                        "type": "Copy",
                        "dependsOn": [
                            {
                                "activity": "Last_data_load",
                                "dependencyConditions": [
                                    "Succeeded"
                                ]
                            },
                            {
                                "activity": "Current_data_load",
                                "dependencyConditions": [
                                    "Succeeded"
                                ]
                            }
                        ],
                        "policy": {
                            "timeout": "0.12:00:00",
                            "retry": 0,
                            "retryIntervalInSeconds": 30,
                            "secureOutput": false,
                            "secureInput": false
                        },
                        "userProperties": [],
                        "typeProperties": {
                            "source": {
                                "type": "AzureSqlSource",
                                "sqlReaderQuery": {
                                    "value": "select *\nfrom source_cars_data\nwhere Date_ID > '@{activity('Last_data_load').output.value[0].last_data_load}'\nand Date_ID <= '@{activity('Current_data_load').output.value[0].max_date_of_current_data_load}'",
                                    "type": "Expression"
                                },
                                "queryTimeout": "02:00:00",
                                "partitionOption": "None"
                            },
                            "sink": {
                                "type": "ParquetSink",
                                "storeSettings": {
                                    "type": "AzureBlobFSWriteSettings"
                                },
                                "formatSettings": {
                                    "type": "ParquetWriteSettings"
                                }
                            },
                            "enableStaging": false,
                            "translator": {
                                "type": "TabularTranslator",
                                "typeConversion": true,
                                "typeConversionSettings": {
                                    "allowDataTruncation": true,
                                    "treatBooleanAsNumber": false
                                }
                            }
                        },
                        "inputs": [
                            {
                                "referenceName": "sink_dataset_SQL_DB",
                                "type": "DatasetReference",
                                "parameters": {
                                    "parameter_tablename": "source_cars_data"
                                }
                            }
                        ],
                        "outputs": [
                            {
                                "referenceName": "sink_bronze_dataset_ADLS",
                                "type": "DatasetReference",
                                "parameters": {}
                            }
                        ]
                    },
                    {
                        "name": "WatermarkUpdate",
                        "type": "SqlServerStoredProcedure",
                        "dependsOn": [
                            {
                                "activity": "Copy_Incremental_Data",
                                "dependencyConditions": [
                                    "Succeeded"
                                ]
                            }
                        ],
                        "policy": {
                            "timeout": "0.12:00:00",
                            "retry": 0,
                            "retryIntervalInSeconds": 30,
                            "secureOutput": false,
                            "secureInput": false
                        },
                        "userProperties": [],
                        "typeProperties": {
                            "storedProcedureName": "[[dbo].[UpdateWatermarkTable]",
                            "storedProcedureParameters": {
                                "lastload": {
                                    "value": {
                                        "value": "@activity('Current_data_load').output.value[0].max_date_of_current_data_load",
                                        "type": "Expression"
                                    },
                                    "type": "String"
                                }
                            }
                        },
                        "linkedServiceName": {
                            "referenceName": "LinkedService_SQL_DB",
                            "type": "LinkedServiceReference"
                        }
                    }
                ],
                "policy": {
                    "elapsedTimeMetric": {}
                },
                "annotations": [],
                "lastPublishTime": "2025-02-26T17:30:13Z"
            },
            "dependsOn": [
                "[concat(variables('factoryId'), '/datasets/sink_dataset_SQL_DB')]",
                "[concat(variables('factoryId'), '/datasets/sink_bronze_dataset_ADLS')]",
                "[concat(variables('factoryId'), '/linkedServices/LinkedService_SQL_DB')]"
            ]
        },
        {
            "name": "[concat(parameters('factoryName'), '/LinkedService_SQL_DB')]",
            "type": "Microsoft.DataFactory/factories/linkedServices",
            "apiVersion": "2018-06-01",
            "properties": {
                "annotations": [],
                "type": "AzureSqlDatabase",
                "typeProperties": {
                    "server": "[parameters('LinkedService_SQL_DB_properties_typeProperties_server')]",
                    "database": "[parameters('LinkedService_SQL_DB_properties_typeProperties_database')]",
                    "encrypt": "mandatory",
                    "trustServerCertificate": false,
                    "authenticationType": "SQL",
                    "userName": "[parameters('LinkedService_SQL_DB_properties_typeProperties_userName')]",
                    "password": {
                        "type": "SecureString",
                        "value": "[parameters('LinkedService_SQL_DB_password')]"
                    }
                }
            },
            "dependsOn": []
        },
        {
            "name": "[concat(parameters('factoryName'), '/LinkedService_Github')]",
            "type": "Microsoft.DataFactory/factories/linkedServices",
            "apiVersion": "2018-06-01",
            "properties": {
                "annotations": [],
                "type": "HttpServer",
                "typeProperties": {
                    "url": "[parameters('LinkedService_Github_properties_typeProperties_url')]",
                    "enableServerCertificateValidation": true,
                    "authenticationType": "Anonymous"
                }
            },
            "dependsOn": []
        },
        {
            "name": "[concat(parameters('factoryName'), '/LinkedService_ADLS')]",
            "type": "Microsoft.DataFactory/factories/linkedServices",
            "apiVersion": "2018-06-01",
            "properties": {
                "annotations": [],
                "type": "AzureBlobFS",
                "typeProperties": {
                    "url": "[parameters('LinkedService_ADLS_properties_typeProperties_url')]",
                    "accountKey": {
                        "type": "SecureString",
                        "value": "[parameters('LinkedService_ADLS_accountKey')]"
                    }
                }
            },
            "dependsOn": []
        },
        {
            "name": "[concat(parameters('factoryName'), '/LinkedService_Databricks')]",
            "type": "Microsoft.DataFactory/factories/linkedServices",
            "apiVersion": "2018-06-01",
            "properties": {
                "annotations": [],
                "type": "AzureDatabricks",
                "typeProperties": {
                    "domain": "https://adb-4326840198113810.10.azuredatabricks.net",
                    "accessToken": {
                        "type": "SecureString",
                        "value": "[parameters('LinkedService_Databricks_accessToken')]"
                    },
                    "existingClusterId": "[parameters('LinkedService_Databricks_properties_typeProperties_existingClusterId')]"
                }
            },
            "dependsOn": []
        },
        {
            "name": "[concat(parameters('factoryName'), '/sink_dataset_SQL_DB')]",
            "type": "Microsoft.DataFactory/factories/datasets",
            "apiVersion": "2018-06-01",
            "properties": {
                "linkedServiceName": {
                    "referenceName": "LinkedService_SQL_DB",
                    "type": "LinkedServiceReference"
                },
                "parameters": {
                    "parameter_tablename": {
                        "type": "string"
                    }
                },
                "annotations": [],
                "type": "AzureSqlTable",
                "schema": [
                    {
                        "name": "Branch_ID",
                        "type": "varchar"
                    },
                    {
                        "name": "Dealer_ID",
                        "type": "varchar"
                    },
                    {
                        "name": "Model_ID",
                        "type": "varchar"
                    },
                    {
                        "name": "Revenue",
                        "type": "bigint",
                        "precision": 19
                    },
                    {
                        "name": "Units_Sold",
                        "type": "bigint",
                        "precision": 19
                    },
                    {
                        "name": "Date_ID",
                        "type": "varchar"
                    },
                    {
                        "name": "Day",
                        "type": "int",
                        "precision": 10
                    },
                    {
                        "name": "Month",
                        "type": "int",
                        "precision": 10
                    },
                    {
                        "name": "Year",
                        "type": "int",
                        "precision": 10
                    },
                    {
                        "name": "BranchName",
                        "type": "varchar"
                    },
                    {
                        "name": "DealerName",
                        "type": "varchar"
                    },
                    {
                        "name": "Product_Name",
                        "type": "varchar"
                    }
                ],
                "typeProperties": {
                    "schema": "dbo",
                    "table": {
                        "value": "@dataset().parameter_tablename",
                        "type": "Expression"
                    }
                }
            },
            "dependsOn": [
                "[concat(variables('factoryId'), '/linkedServices/LinkedService_SQL_DB')]"
            ]
        },
        {
            "name": "[concat(parameters('factoryName'), '/source_dataset_Git')]",
            "type": "Microsoft.DataFactory/factories/datasets",
            "apiVersion": "2018-06-01",
            "properties": {
                "linkedServiceName": {
                    "referenceName": "LinkedService_Github",
                    "type": "LinkedServiceReference"
                },
                "parameters": {
                    "parameter_load_data_flag": {
                        "type": "string"
                    }
                },
                "annotations": [],
                "type": "DelimitedText",
                "typeProperties": {
                    "location": {
                        "type": "HttpServerLocation",
                        "relativeUrl": {
                            "value": "nk3099/car-sales-azure-data-engingeering/refs/heads/main/raw-data/@{dataset().parameter_load_data_flag}",
                            "type": "Expression"
                        }
                    },
                    "columnDelimiter": ",",
                    "escapeChar": "\\",
                    "firstRowAsHeader": true,
                    "quoteChar": "\""
                },
                "schema": []
            },
            "dependsOn": [
                "[concat(variables('factoryId'), '/linkedServices/LinkedService_Github')]"
            ]
        },
        {
            "name": "[concat(parameters('factoryName'), '/sink_bronze_dataset_ADLS')]",
            "type": "Microsoft.DataFactory/factories/datasets",
            "apiVersion": "2018-06-01",
            "properties": {
                "linkedServiceName": {
                    "referenceName": "LinkedService_ADLS",
                    "type": "LinkedServiceReference"
                },
                "annotations": [],
                "type": "Parquet",
                "typeProperties": {
                    "location": {
                        "type": "AzureBlobFSLocation",
                        "folderPath": "rawdata",
                        "fileSystem": "bronze"
                    },
                    "compressionCodec": "snappy"
                },
                "schema": []
            },
            "dependsOn": [
                "[concat(variables('factoryId'), '/linkedServices/LinkedService_ADLS')]"
            ]
        }
    ]
}