{
    "$schema": "http://schema.management.azure.com/schemas/2015-01-01/deploymentTemplate.json#",
    "contentVersion": "1.0.0.0",
    "parameters": {
        "factoryName": {
            "type": "string",
            "metadata": "Data Factory name",
            "defaultValue": "adfcarsaless"
        },
        "LinkedService_SQL_DB_password": {
            "type": "secureString",
            "metadata": "Secure string for 'password' of 'LinkedService_SQL_DB'"
        },
        "LinkedService_ADLS_accountKey": {
            "type": "secureString",
            "metadata": "Secure string for 'accountKey' of 'LinkedService_ADLS'"
        },
        "LinkedService_Databricks_accessToken": {
            "type": "secureString",
            "metadata": "Secure string for 'accessToken' of 'LinkedService_Databricks'"
        },
        "LinkedService_SQL_DB_properties_typeProperties_server": {
            "type": "string",
            "defaultValue": "server-carsaless.database.windows.net"
        },
        "LinkedService_SQL_DB_properties_typeProperties_database": {
            "type": "string",
            "defaultValue": "db-carsales"
        },
        "LinkedService_SQL_DB_properties_typeProperties_userName": {
            "type": "string",
            "defaultValue": "db-server-carsales-admin"
        },
        "LinkedService_Github_properties_typeProperties_url": {
            "type": "string",
            "defaultValue": "https://raw.githubusercontent.com/"
        },
        "LinkedService_ADLS_properties_typeProperties_url": {
            "type": "string",
            "defaultValue": "https://adlscarsaless.dfs.core.windows.net/"
        },
        "LinkedService_Databricks_properties_typeProperties_existingClusterId": {
            "type": "string",
            "defaultValue": "0208-160847-me4usptt"
        },
        "containerUri": {
            "type": "string",
            "metadata": "URI to storage account containing linked ARM templates"
        },
        "containerSasToken": {
            "type": "string",
            "metadata": "Sas token to storage account containing linked ARM templates"
        }
    },
    "variables": {
        "factoryId": "[concat('Microsoft.DataFactory/factories/', parameters('factoryName'))]"
    },
    "resources": [
        {
            "name": "adfcarsaless_ArmTemplate_0",
            "type": "Microsoft.Resources/deployments",
            "apiVersion": "2024-03-01",
            "properties": {
                "mode": "incremental",
                "templateLink": {
                    "uri": "[concat(parameters('containerUri'), '/ArmTemplate_0.json', parameters('containerSasToken'))]",
                    "contentVersion": "1.0.0.0"
                },
                "parameters": {
                    "factoryName": {
                        "value": "[parameters('factoryName')]"
                    },
                    "LinkedService_SQL_DB_password": {
                        "value": "[parameters('LinkedService_SQL_DB_password')]"
                    },
                    "LinkedService_ADLS_accountKey": {
                        "value": "[parameters('LinkedService_ADLS_accountKey')]"
                    },
                    "LinkedService_Databricks_accessToken": {
                        "value": "[parameters('LinkedService_Databricks_accessToken')]"
                    },
                    "LinkedService_SQL_DB_properties_typeProperties_server": {
                        "value": "[parameters('LinkedService_SQL_DB_properties_typeProperties_server')]"
                    },
                    "LinkedService_SQL_DB_properties_typeProperties_database": {
                        "value": "[parameters('LinkedService_SQL_DB_properties_typeProperties_database')]"
                    },
                    "LinkedService_SQL_DB_properties_typeProperties_userName": {
                        "value": "[parameters('LinkedService_SQL_DB_properties_typeProperties_userName')]"
                    },
                    "LinkedService_Github_properties_typeProperties_url": {
                        "value": "[parameters('LinkedService_Github_properties_typeProperties_url')]"
                    },
                    "LinkedService_ADLS_properties_typeProperties_url": {
                        "value": "[parameters('LinkedService_ADLS_properties_typeProperties_url')]"
                    },
                    "LinkedService_Databricks_properties_typeProperties_existingClusterId": {
                        "value": "[parameters('LinkedService_Databricks_properties_typeProperties_existingClusterId')]"
                    }
                }
            },
            "dependsOn": []
        }
    ]
}